unobs_state,flow_true,flow_estimated
25,291,4.377313871946146
11,211,430.12204213216205
28,507,1238.2170799381238
30,288,3463.429583230951
36,291,3.9119298913436165
4,291,237.5391742002268
8,416,14.595263846065784
24,352,1217.5540834028357
33,544,69.39728679109248
21,553,398.8047535022079
2,269,340.8685784996168
22,433,50.50987600691003
27,369,22.401984447162366
17,299,121.26082210474334
32,516,222.95550948472322
14,155,634.5583822220368
7,432,495.4556288372346
6,208,203.96612466729854
13,390,694.6364441790661
9,206,154.86633703584928
29,310,111.9844016086468
35,561,478.53305379218585
23,225,50.802883332192586
12,397,57.726993049064326
34,137,477.10681677649006
37,289,144.7258835837185
26,147,242.55128405301102
